ערך נוכחי,מוצרים,Hunter,Smith,Klips,אחר,מוצרים אחרים,תת-קטגוריה חדשה (למילוי)
פלייזים,11,6,0,0,5,"פליז אף-ארוך מגופי ; פליז משאבות מגבורד ; פליז משאבות עגבינה 10"" ; פליז רוחבי 8.5"" עם שרשרת ; פליז פנסס WR VISE-GRIP",
כלי בנייה,8,3,3,2,0,,
כלי חשמל,6,5,0,0,1,מטחנת זווית 850W,
מסורים,6,1,3,0,2,מסור לברזל ; מסור גיזום בננה,
סטים,6,1,3,0,2,"סט בוקסות + מחגר 3/8"" ו-1/2"" ; ארגז כלים מגירות 2 מגירות 107 כלים",
מדידה,5,0,3,2,0,,
מפתחות אלן,5,4,0,0,1,מחזיקות אלן בסבוב כרום גבים,
פטישים,5,1,0,2,2,פטיש טופון ידית פיברגלס ; פטיש גומי ידית עץ,
כלי גינון,4,3,1,0,0,,
כלי חפירה,4,0,4,0,0,,
מפתחות,4,0,2,2,0,,
בוקסות,3,0,0,0,3,"בוקסה 1/2"" (סט בוקסות) ; בוקסה ארוכה D ; בוקסה D (סט)",
חומרי בנייה,3,0,3,0,0,,
חיתוך ועיצוב,3,1,1,1,0,,
מברגות,3,3,0,0,0,,
ספריי צבע,3,0,0,0,3,"ספריי צבע עמיד לחום ; ספריי צבע 400מ""ל ; ספריי צבע גלון",
סרטים ודבקים,3,0,0,0,3,סרט חבלה איזומי Gecko ; סרט אורה ; סרט טפלון 10 יחידות,
צבתות,3,0,2,0,1,צבת רגין מגבורד,
אביזרים,2,2,0,0,0,,
ברגים וסיכות,2,0,0,0,2,סיכות/ברגים שחורים (סדרה 140213) ; סיכות/ברגים (סדרה 140214),
גרגבים,2,0,0,0,2,גרגב פלסטי עם מסור גב רחב ; גרגב פלסטי דגם בלאסטה כולל מסור,
חוטים וקשירה,2,0,0,0,2,חוט קשירה לבן ; חוט ברזל,
חומרי עזר,2,0,2,0,0,,
כלי חיתוך,2,0,1,0,1,חורן זכוכית דגם זילברשניט,
מספריים,2,0,1,0,1,מספרי קלאמבי ומסיר ביזת,
ציוד הידוק,2,0,2,0,0,,
ציוד מגן,2,1,0,0,1,משקפי בטיחות שקופות Nomad,
קסרים,2,2,0,0,0,,
אריזה,1,0,0,0,1,מכשיר אריזה מקצועי,
בודקי מתח,1,0,0,0,1,בודק מתח Champion יפן,
גמר ובניה,1,0,1,0,0,,
גרזנים,1,0,0,0,1,גרזן ידית פיברגלס,
דבקים,1,0,0,0,1,"דבק 500מ""ל",
דוקרים,1,0,0,0,1,דוקר ידית פלסטי מברגת שניץ,
הידוק ואחיזה,1,0,1,0,0,,
חברני/אגרופונים,1,0,1,0,0,,
כלי גינון/חפירה,1,0,1,0,0,,
כלי עבודה,1,0,0,0,1,סט בוקסות 1/2 ו-3/8,
מטרים,1,0,0,1,0,,
מקבים,1,1,0,0,0,,
סימון,1,0,1,0,0,,
עבודה עם מתכת,1,0,0,1,0,,
פלירים,1,0,1,0,0,,
פרסות,1,0,0,0,1,פרסה ברזל,
ציוד בנייה,1,0,0,0,1,פרופיל אלומיניום EN131,
